cwe_id	name	cve_count	avg_score	max_score
79	Improper Neutralization of Input During Web Page Generation ('Cross-site Scripting')	21832	6.09	10.0
89	Improper Neutralization of Special Elements used in an SQL Command ('SQL Injection')	9458	7.47	10.0
862	Missing Authorization	6434	5.85	10.0
352	Cross-Site Request Forgery (CSRF)	4749	5.69	10.0
74	Improper Neutralization of Special Elements in Output Used by a Downstream Component ('Injection')	4193	7.03	10.0
20	Improper Input Validation	3765	6.93	10.0
22	Improper Limitation of a Pathname to a Restricted Directory ('Path Traversal')	3726	7.15	10.0
78	Improper Neutralization of Special Elements used in an OS Command ('OS Command Injection')	3119	8.08	10.0
125	Out-of-bounds Read	3101	6.03	10.0
416	Use After Free	2959	7.52	10.0
200	Exposure of Sensitive Information to an Unauthorized Actor	2890	5.79	10.0
284	Improper Access Control	2846	6.55	10.0
94	Improper Control of Generation of Code ('Code Injection')	2812	6.79	10.0
121	Stack-based Buffer Overflow	2605	8.07	10.0
119	Improper Restriction of Operations within the Bounds of a Memory Buffer	2407	7.79	10.0
787	Out-of-bounds Write	2386	7.54	10.0
434	Unrestricted Upload of File with Dangerous Type	2188	7.92	10.0
122	Heap-based Buffer Overflow	2153	7.56	10.0
502	Deserialization of Untrusted Data	1963	8.29	10.0
918	Server-Side Request Forgery (SSRF)	1944	6.62	10.0
120	Buffer Copy without Checking Size of Input ('Classic Buffer Overflow')	1818	7.73	10.0
863	Incorrect Authorization	1662	6.35	10.0
77	Improper Neutralization of Special Elements used in a Command ('Command Injection')	1618	7.47	10.0
400	Uncontrolled Resource Consumption	1475	6.50	10.0
639	Authorization Bypass Through User-Controlled Key	1465	6.44	10.0
287	Improper Authentication	1375	7.46	10.0
306	Missing Authentication for Critical Function	1344	8.05	10.0
98	Improper Control of Filename for Include/Require Statement in PHP Program ('PHP Remote File Inclusion')	1229	7.97	10.0
476	NULL Pointer Dereference	1214	5.93	10.0
285	Improper Authorization	1166	6.44	10.0
269	Improper Privilege Management	1088	7.54	10.0
770	Allocation of Resources Without Limits or Throttling	1088	6.61	10.0
190	Integer Overflow or Wraparound	947	7.13	10.0
266	Incorrect Privilege Assignment	916	6.93	10.0
601	URL Redirection to Untrusted Site ('Open Redirect')	779	5.47	9.8
427	Uncontrolled Search Path Element	694	7.25	10.0
532	Insertion of Sensitive Information into Log File	647	5.75	10.0
798	Use of Hard-coded Credentials	571	7.99	10.0
362	Concurrent Execution using Shared Resource with Improper Synchronization ('Race Condition')	566	6.69	10.0
59	Improper Link Resolution Before File Access ('Link Following')	544	7.11	10.0
404	Improper Resource Shutdown or Release	534	5.46	8.7
276	Incorrect Default Permissions	509	6.83	10.0
288	Authentication Bypass Using an Alternate Path or Channel	507	8.25	10.0
295	Improper Certificate Validation	505	6.74	10.0
732	Incorrect Permission Assignment for Critical Resource	492	7.00	10.0
80	Improper Neutralization of Script-Related HTML Tags in a Web Page (Basic XSS)	482	5.73	9.7
73	External Control of File Name or Path	456	7.23	10.0
126	Buffer Over-read	432	6.79	9.8
367	Time-of-check Time-of-use (TOCTOU) Race Condition	418	6.63	10.0
347	Improper Verification of Cryptographic Signature	415	7.23	10.0
611	Improper Restriction of XML External Entity Reference	404	6.78	10.0
23	Relative Path Traversal	398	6.93	10.0
522	Insufficiently Protected Credentials	390	6.71	10.0
319	Cleartext Transmission of Sensitive Information	358	6.62	10.0
843	Access of Resource Using Incompatible Type ('Type Confusion')	356	7.49	9.9
613	Insufficient Session Expiration	353	6.25	10.0
307	Improper Restriction of Excessive Authentication Attempts	345	6.92	9.8
201	Insertion of Sensitive Information Into Sent Data	331	6.11	10.0
497	Exposure of Sensitive System Information to an Unauthorized Control Sphere	328	5.74	10.0
754	Improper Check for Unusual or Exceptional Conditions	322	6.37	10.0
345	Insufficient Verification of Data Authenticity	321	6.88	10.0
290	Authentication Bypass by Spoofing	319	7.38	10.0
693	Protection Mechanism Failure	316	6.60	10.0
209	Generation of Error Message Containing Sensitive Information	314	5.33	10.0
428	Unquoted Search Path or Element	312	8.01	9.8
1333	Inefficient Regular Expression Complexity	306	6.31	9.8
327	Use of a Broken or Risky Cryptographic Algorithm	299	6.22	10.0
250	Execution with Unnecessary Privileges	281	7.53	10.0
191	Integer Underflow (Wrap or Wraparound)	267	6.99	9.9
617	Reachable Assertion	266	6.38	10.0
312	Cleartext Storage of Sensitive Information	257	6.20	10.0
835	Loop with Unreachable Exit Condition ('Infinite Loop')	255	6.56	10.0
321	Use of Hard-coded Cryptographic Key	251	7.19	10.0
707	Improper Neutralization	246	4.97	9.2
426	Untrusted Search Path	245	7.27	9.8
346	Origin Validation Error	236	6.83	10.0
401	Missing Release of Memory after Effective Lifetime	235	6.12	8.8
116	Improper Encoding or Escaping of Output	229	6.54	10.0
552	Files or Directories Accessible to External Parties	222	7.10	10.0
129	Improper Validation of Array Index	218	7.83	10.0
1321	Improperly Controlled Modification of Object Prototype Attributes ('Prototype Pollution')	206	7.46	10.0
415	Double Free	204	7.23	9.8
674	Uncontrolled Recursion	200	6.31	9.4
88	Improper Neutralization of Argument Delimiters in a Command ('Argument Injection')	197	7.63	10.0
1284	Improper Validation of Specified Quantity in Input	195	6.34	10.0
248	Uncaught Exception	189	6.77	10.0
822	Untrusted Pointer Dereference	186	7.57	9.8
457	Use of Uninitialized Variable	184	6.40	9.8
444	Inconsistent Interpretation of HTTP Requests ('HTTP Request/Response Smuggling')	182	6.68	10.0
755	Improper Handling of Exceptional Conditions	175	6.56	9.8
789	Memory Allocation with Excessive Size Value	167	6.67	9.8
829	Inclusion of Functionality from Untrusted Control Sphere	165	7.75	10.0
908	Use of Uninitialized Resource	165	6.42	10.0
1336	Improper Neutralization of Special Elements Used in a Template Engine	162	7.71	10.0
35	Path Traversal: '.../...//'	162	7.12	10.0
668	Exposure of Resource to Wrong Sphere	158	6.66	10.0
256	Plaintext Storage of a Password	158	6.32	9.8
824	Access of Uninitialized Pointer	157	7.11	9.8
384	Session Fixation	152	6.57	10.0
749	Exposed Dangerous Method or Function	150	7.56	10.0
203	Observable Discrepancy	150	5.62	9.8
204	Observable Response Discrepancy	150	5.66	9.8
359	Exposure of Private Personal Information to an Unauthorized Actor	148	5.94	9.3
61	UNIX Symbolic Link (Symlink) Following	143	6.74	10.0
640	Weak Password Recovery Mechanism for Forgotten Password	143	7.60	10.0
93	Improper Neutralization of CRLF Sequences ('CRLF Injection')	142	6.51	10.0
1188	Initialization of a Resource with an Insecure Default	139	7.47	10.0
788	Access of Memory Location After End of Buffer	139	7.44	9.8
184	Incomplete List of Disallowed Inputs	138	7.15	10.0
259	Use of Hard-coded Password	138	7.03	10.0
95	Improper Neutralization of Directives in Dynamically Evaluated Code ('Eval Injection')	135	8.59	10.0
208	Observable Timing Discrepancy	132	5.48	9.8
305	Authentication Bypass by Primary Weakness	131	7.59	10.0
1287	Improper Validation of Specified Type of Input	130	6.74	10.0
472	External Control of Assumed-Immutable Web Parameter	129	7.29	9.8
280	Improper Handling of Insufficient Permissions or Privileges	126	6.32	9.9
1236	Improper Neutralization of Formula Elements in a CSV File	126	6.92	9.8
36	Absolute Path Traversal	125	7.13	10.0
134	Use of Externally-Controlled Format String	120	6.74	9.8
330	Use of Insufficiently Random Values	119	6.64	10.0
369	Divide By Zero	115	4.80	10.0
915	Improperly Controlled Modification of Dynamically-Determined Object Attributes	115	7.34	10.0
1021	Improper Restriction of Rendered UI Layers or Frames	112	5.56	10.0
326	Inadequate Encryption Strength	110	6.54	10.0
521	Weak Password Requirements	110	6.85	10.0
338	Use of Cryptographically Weak Pseudo-Random Number Generator (PRNG)	110	7.29	9.8
494	Download of Code Without Integrity Check	106	7.57	9.8
922	Insecure Storage of Sensitive Information	105	6.17	10.0
131	Incorrect Calculation of Buffer Size	101	6.72	10.0
703	Improper Check or Handling of Exceptional Conditions	100	6.34	9.6
281	Improper Preservation of Permissions	100	5.75	9.4
602	Client-Side Enforcement of Server-Side Security	98	6.58	10.0
665	Improper Initialization	98	6.09	9.8
407	Inefficient Algorithmic Complexity	98	6.59	8.7
24	Path Traversal: '../filedir'	97	5.89	9.4
1392	Use of Default Credentials	96	8.02	10.0
311	Missing Encryption of Sensitive Data	93	6.16	10.0
823	Use of Out-of-range Pointer Offset	93	7.19	9.8
294	Authentication Bypass by Capture-replay	92	7.06	10.0
942	Permissive Cross-domain Security Policy with Untrusted Domains	91	6.69	10.0
680	Integer Overflow to Buffer Overflow	91	7.95	9.8
117	Improper Output Neutralization for Logs	91	5.69	9.6
425	Direct Request ('Forced Browsing')	88	6.09	9.8
1220	Insufficient Granularity of Access Control	87	6.21	9.8
328	Use of Weak Hash	83	5.80	9.8
451	User Interface (UI) Misrepresentation of Critical Information	82	5.68	8.8
193	Off-by-one Error	81	6.48	10.0
670	Always-Incorrect Control Flow Implementation	80	6.17	9.8
252	Unchecked Return Value	78	6.30	10.0
113	Improper Neutralization of CRLF Sequences in HTTP Headers ('HTTP Request/Response Splitting')	77	5.78	9.1
303	Incorrect Implementation of Authentication Algorithm	76	7.40	10.0
620	Unverified Password Change	76	7.33	10.0
807	Reliance on Untrusted Inputs in a Security Decision	76	7.09	10.0
591	Sensitive Data Storage in Improperly Locked Memory	75	7.35	8.8
926	Improper Export of Android Application Components	75	5.37	8.5
1390	Weak Authentication	74	7.27	10.0
358	Improperly Implemented Security Check for Standard	74	6.04	10.0
538	Insertion of Sensitive Information into Externally-Accessible File or Directory	74	6.48	9.9
1286	Improper Validation of Syntactic Correctness of Input	73	6.79	9.8
354	Improper Validation of Integrity Check Value	73	6.91	9.5
130	Improper Handling of Length Parameter Inconsistency	73	6.64	9.3
409	Improper Handling of Highly Compressed Data (Data Amplification)	73	6.88	8.9
377	Insecure Temporary File	70	5.55	9.9
436	Interpretation Conflict	69	6.44	10.0
489	Active Debug Code	69	7.27	10.0
912	Hidden Functionality	69	7.59	10.0
331	Insufficient Entropy	69	6.80	9.8
610	Externally Controlled Reference to a Resource in Another Sphere	68	6.91	10.0
913	Improper Control of Dynamically-Managed Code Resources	66	7.44	10.0
697	Incorrect Comparison	64	6.96	10.0
799	Improper Control of Interaction Frequency	64	5.97	9.8
598	Use of HTTP Request With Sensitive Query String	64	5.56	9.1
29	Path Traversal: '..filename'	63	8.03	10.0
15	External Control of System or Configuration Setting	61	7.44	10.0
150	Improper Neutralization of Escape, Meta, or Control Sequences	61	6.48	10.0
943	Improper Neutralization of Special Elements in Data Query Logic	61	7.24	10.0
772	Missing Release of Resource after Effective Lifetime	60	6.11	8.7
459	Incomplete Cleanup	59	6.23	10.0
648	Incorrect Use of Privileged APIs	59	7.72	10.0
923	Improper Restriction of Communication Channel to Intended Endpoints	58	6.54	10.0
441	Unintended Proxy or Intermediary ('Confused Deputy')	58	6.84	9.9
704	Incorrect Type Conversion or Cast	58	7.26	9.8
348	Use of Less Trusted Source	57	6.39	10.0
91	XML Injection (aka Blind XPath Injection)	56	7.17	9.4
257	Storing Passwords in a Recoverable Format	56	6.29	9.1
87	Improper Neutralization of Alternate XSS Syntax	55	6.58	9.7
614	Sensitive Cookie in HTTPS Session Without 'Secure' Attribute	55	5.66	8.8
212	Improper Removal of Sensitive Information Before Storage or Transfer	54	5.77	9.8
669	Incorrect Resource Transfer Between Spheres	54	5.61	9.8
90	Improper Neutralization of Special Elements used in an LDAP Query ('LDAP Injection')	53	6.65	9.1
99	Improper Control of Resource Identifiers ('Resource Injection')	53	6.10	9.1
379	Creation of Temporary File in Directory with Insecure Permissions	53	6.58	8.8
197	Numeric Truncation Error	52	7.54	9.8
706	Use of Incorrectly-Resolved Name or Reference	52	6.11	9.8
681	Incorrect Conversion between Numeric Types	52	6.97	9.1
644	Improper Neutralization of HTTP Headers for Scripting Syntax	51	6.14	10.0
916	Use of Password Hash With Insufficient Computational Effort	51	6.45	9.8
325	Missing Cryptographic Step	50	6.25	9.8
682	Incorrect Calculation	49	6.00	10.0
841	Improper Enforcement of Behavioral Workflow	49	6.34	9.8
267	Privilege Defined With Unsafe Actions	48	7.31	9.9
470	Use of Externally-Controlled Input to Select Classes or Code ('Unsafe Reflection')	46	8.01	10.0
178	Improper Handling of Case Sensitivity	46	6.66	9.9
1285	Improper Validation of Specified Index, Position, or Offset in Input	46	7.35	9.8
277	Insecure Inherited Permissions	46	6.54	9.8
340	Generation of Predictable Numbers or Identifiers	46	7.39	9.8
653	Improper Isolation or Compartmentalization	46	6.19	9.8
1395	Dependency on Vulnerable Third-Party Component	44	7.71	10.0
524	Use of Cache Containing Sensitive Information	43	5.46	9.6
405	Asymmetric Resource Consumption (Amplification)	43	6.80	8.7
548	Exposure of Information Through Directory Listing	43	5.88	8.7
1391	Use of Weak Credentials	42	7.85	9.8
940	Improper Verification of Source of a Communication Channel	41	7.19	10.0
170	Improper Null Termination	41	6.58	9.9
297	Improper Validation of Certificate with Host Mismatch	41	6.58	9.1
506	Embedded Malicious Code	40	9.00	10.0
378	Creation of Temporary File With Insecure Permissions	40	6.43	9.6
274	Improper Handling of Insufficient Privileges	39	7.00	9.9
805	Buffer Access with Incorrect Length Value	39	6.94	9.1
917	Improper Neutralization of Special Elements used in an Expression Language Statement ('Expression Language Injection')	38	8.26	10.0
636	Not Failing Securely ('Failing Open')	38	6.66	9.8
825	Expired Pointer Dereference	38	6.88	9.8
440	Expected Behavior Violation	38	5.99	9.1
1004	Sensitive Cookie Without 'HttpOnly' Flag	38	6.18	8.8
672	Operation on a Resource after Expiration or Release	37	6.11	9.2
183	Permissive List of Allowed Inputs	36	6.80	10.0
302	Authentication Bypass by Assumed-Immutable Data	36	7.37	10.0
420	Unprotected Alternate Channel	36	6.84	10.0
261	Weak Encoding for Password	36	6.69	9.8
1393	Use of Default Password	34	8.23	10.0
696	Incorrect Behavior Order	34	5.82	8.8
92	DEPRECATED: Improper Sanitization of Custom Special Characters	34	5.87	8.8
272	Least Privilege Violation	33	7.26	10.0
424	Improper Protection of Alternate Path	33	6.58	10.0
349	Acceptance of Extraneous Untrusted Data With Trusted Data	33	6.58	9.8
300	Channel Accessible by Non-Endpoint	32	6.53	9.3
690	Unchecked Return Value to NULL Pointer Dereference	32	5.89	8.6
123	Write-what-where Condition	31	7.35	10.0
124	Buffer Underwrite ('Buffer Underflow')	31	6.53	9.8
304	Missing Critical Step in Authentication	31	7.40	9.8
664	Improper Control of a Resource Through its Lifetime	31	6.32	9.8
1385	Missing Origin Validation in WebSockets	31	6.76	9.7
791	Incomplete Filtering of Special Elements	31	6.57	9.4
385	Covert Timing Channel	30	6.16	8.9
202	Exposure of Sensitive Information Through Data Queries	30	6.51	8.8
565	Reliance on Cookies without Validation and Integrity Checking	29	8.29	10.0
323	Reusing a Nonce, Key Pair in Encryption	29	6.76	9.3
540	Inclusion of Sensitive Information in Source Code	29	5.54	9.3
353	Missing Support for Integrity Check	29	6.78	8.8
691	Insufficient Control Flow Management	29	6.08	8.8
226	Sensitive Information in Resource Not Removed Before Reuse	29	6.12	8.7
316	Cleartext Storage of Sensitive Information in Memory	28	5.34	9.4
776	Improper Restriction of Recursive Entity References in DTDs ('XML Entity Expansion')	28	6.49	9.4
488	Exposure of Data Element to Wrong Session	28	6.44	9.1
667	Improper Locking	28	6.02	8.7
176	Improper Handling of Unicode Encoding	27	6.48	9.8
289	Authentication Bypass by Alternate Name	27	7.60	9.8
313	Cleartext Storage in a File or on Disk	27	5.67	9.1
282	Improper Ownership Management	27	6.36	8.8
356	Product UI does not Warn User of Unsafe Actions	27	7.14	8.8
525	Use of Web Browser Cache Containing Sensitive Information	27	4.59	7.7
684	Incorrect Provision of Specified Functionality	26	6.27	9.8
241	Improper Handling of Unexpected Data Type	26	5.88	8.6
41	Improper Resolution of Path Equivalence	26	5.77	8.1
757	Selection of Less-Secure Algorithm During Negotiation ('Algorithm Downgrade')	25	6.29	9.8
1230	Exposure of Sensitive Information Through Metadata	25	5.85	8.8
213	Exposure of Sensitive Information Due to Incompatible Policies	25	4.73	7.5
158	Improper Neutralization of Null Byte or NUL Character	24	6.53	10.0
782	Exposed IOCTL with Insufficient Access Control	24	7.27	10.0
1275	Sensitive Cookie with Improper SameSite Attribute	24	3.78	9.8
286	Incorrect User Management	24	6.21	9.5
1289	Improper Validation of Unsafe Equivalence in Input	24	6.51	9.3
185	Incorrect Regular Expression	24	6.39	9.3
501	Trust Boundary Violation	24	6.83	8.8
270	Privilege Context Switching Error	23	7.36	10.0
322	Key Exchange without Entity Authentication	23	7.90	9.4
115	Misinterpretation of Input	22	7.27	9.8
268	Privilege Chaining	22	6.97	9.6
233	Improper Handling of Parameters	22	6.68	9.4
83	Improper Neutralization of Script in Attributes in a Web Page	22	6.37	9.1
279	Incorrect Execution-Assigned Permissions	22	6.74	8.8
606	Unchecked Input for Loop Condition	22	6.15	8.2
778	Insufficient Logging	21	4.74	10.0
96	Improper Neutralization of Directives in Statically Saved Code ('Static Code Injection')	21	7.77	10.0
27	Path Traversal: 'dir/../../filename'	21	7.39	9.3
1300	Improper Protection of Physical Side Channels	21	6.07	9.1
758	Reliance on Undefined, Unspecified, or Implementation-Defined Behavior	21	6.34	8.8
402	Transmission of Private Resources into a New Sphere ('Resource Leak')	21	6.57	8.7
471	Modification of Assumed-Immutable Data (MAID)	21	6.18	8.6
834	Excessive Iteration	21	6.58	8.2
253	Incorrect Check of Function Return Value	20	6.68	9.8
1288	Improper Validation of Consistency within Input	20	6.42	9.4
283	Unverified Ownership	20	6.08	9.2
523	Unprotected Transport of Credentials	20	6.80	8.8
939	Improper Authorization in Handler for Custom URL Scheme	20	5.97	8.8
833	Deadlock	20	6.19	8.7
1327	Binding to an Unrestricted IP Address	19	6.68	10.0
260	Password in Configuration File	19	7.23	9.9
1240	Use of a Cryptographic Primitive with a Risky Implementation	19	6.23	9.8
1295	Debug Messages Revealing Unnecessary Information	19	5.84	9.3
708	Incorrect Ownership Assignment	19	5.78	8.1
214	Invocation of Process Using Visible Sensitive Information	19	5.69	7.9
1104	Use of Unmaintained Third Party Components	18	7.77	10.0
763	Release of Invalid Pointer or Reference	18	7.39	9.8
924	Improper Enforcement of Message Integrity During Transmission in a Communication Channel	18	7.13	9.4
460	Improper Cleanup on Thrown Exception	18	5.83	8.8
357	Insufficient UI Warning of Dangerous Operations	18	5.73	8.6
410	Insufficient Resource Pool	18	6.27	8.6
140	Improper Neutralization of Delimiters	18	6.03	8.3
114	Process Control	17	7.86	10.0
1394	Use of Default Cryptographic Key	17	7.02	9.8
180	Incorrect Behavior Order: Validate Before Canonicalize	17	7.19	9.8
592	DEPRECATED: Authentication Bypass Issues	17	7.38	9.8
698	Execution After Redirect (EAR)	17	7.85	9.8
324	Use of a Key Past its Expiration Date	17	6.06	9.0
526	Cleartext Storage of Sensitive Information in an Environment Variable	17	5.77	7.7
390	Detection of Error Condition Without Action	16	6.59	10.0
603	Use of Client-Side Authentication	16	7.98	9.8
215	Insertion of Sensitive Information Into Debugging Code	16	6.48	9.6
590	Free of Memory not on the Heap	16	7.19	9.0
837	Improper Enforcement of a Single, Unique Action	16	5.52	8.1
927	Use of Implicit Intent for Sensitive Communication	16	4.89	6.2
350	Reliance on Reverse DNS Resolution for a Security-Critical Action	15	5.91	9.8
453	Insecure Default Variable Initialization	15	7.93	9.8
296	Improper Following of a Certificate's Chain of Trust	15	7.31	9.3
641	Improper Restriction of Names for Files and Other Resources	15	7.56	8.8
155	Improper Neutralization of Wildcards or Matching Symbols	15	6.78	8.7
244	Improper Clearing of Heap Memory Before Release ('Heap Inspection')	15	5.94	8.6
228	Improper Handling of Syntactically Invalid Structure	15	6.06	7.7
1242	Inclusion of Undocumented Features or Chicken Bits	14	8.00	10.0
394	Unexpected Status Code or Return Value	14	6.98	10.0
335	Incorrect Usage of Seeds in Pseudo-Random Number Generator (PRNG)	14	7.07	9.8
75	Failure to Sanitize Special Elements into a Different Plane (Special Element Injection)	14	7.88	9.8
1191	On-Chip Debug and Test Interface With Improper Access Control	14	6.49	9.3
195	Signed to Unsigned Conversion Error	14	7.16	9.1
1386	Insecure Operation on Windows Junction / Mount Point	14	6.28	8.8
759	Use of a One-Way Hash without a Salt	14	6.01	8.8
413	Improper Resource Locking	13	7.36	10.0
643	Improper Neutralization of Data within XPath Expressions ('XPath Injection')	13	6.53	10.0
836	Use of Password Hash Instead of Password for Authentication	13	7.12	10.0
337	Predictable Seed in Pseudo-Random Number Generator (PRNG)	13	6.67	9.8
366	Race Condition within a Thread	13	6.35	9.8
779	Logging of Excessive Data	13	5.74	8.6
1325	Improperly Controlled Sequential Memory Allocation	13	5.93	7.5
657	Violation of Secure Design Principles	12	6.48	10.0
790	Improper Filtering of Special Elements	12	6.96	10.0
229	Improper Handling of Values	12	7.38	9.8
334	Small Space of Random Values	12	7.39	9.8
351	Insufficient Type Distinction	12	6.68	9.8
1023	Incomplete Comparison with Missing Factors	12	6.09	9.3
25	Path Traversal: '/../filedir'	12	7.12	9.1
804	Guessable CAPTCHA	12	5.88	9.1
821	Incorrect Synchronization	12	6.15	9.1
392	Missing Report of Error Condition	12	6.57	9.0
820	Missing Synchronization	12	7.37	9.0
530	Exposure of Backup File to an Unauthorized Control Sphere	12	3.57	8.7
118	Incorrect Access of Indexable Resource ('Range Error')	12	7.14	8.6
1260	Improper Handling of Overlap Between Protected Memory Ranges	12	6.97	8.1
138	Improper Neutralization of Special Elements	12	6.49	8.1
159	Improper Handling of Invalid Use of Special Elements	12	5.65	7.5
475	Undefined Behavior for Input to API	12	6.00	7.5
449	The UI Performs the Wrong Action	12	5.21	7.1
549	Missing Password Field Masking	12	5.16	6.7
187	Partial String Comparison	11	7.15	10.0
551	Incorrect Behavior Order: Authorization Before Parsing and Canonicalization	11	7.58	10.0
26	Path Traversal: '/dir/../filename'	11	7.74	9.9
1427	Improper Neutralization of Input Used for LLM Prompting	11	7.01	9.8
230	Improper Handling of Missing Values	11	7.64	9.8
477	Use of Obsolete Function	11	8.30	9.8
547	Use of Hard-coded, Security-relevant Constants	11	7.48	9.8
76	Improper Neutralization of Equivalent Special Elements	11	7.21	9.8
911	Improper Update of Reference Count	11	6.80	9.8
271	Privilege Dropping / Lowering Errors	11	7.10	9.4
1025	Comparison Using Wrong Factors	11	6.45	9.3
177	Improper Handling of URL Encoding (Hex Encoding)	11	6.49	9.1
612	Improper Authorization of Index Containing Sensitive Information	11	6.85	8.8
308	Use of Single-factor Authentication	11	6.52	8.7
650	Trusting HTTP Permission Methods on the Server Side	11	6.02	8.7
1244	Internal Asset Exposed to Unsafe Debug Access Level or State	11	5.95	8.6
232	Improper Handling of Undefined Values	11	6.63	7.7
363	Race Condition Enabling Link Following	10	6.95	10.0
646	Reliance on File Name or Extension of Externally-Supplied File	10	6.58	9.4
656	Reliance on Security Through Obscurity	10	7.99	9.4
406	Insufficient Control of Network Message Volume (Network Amplification)	10	6.99	8.8
642	External Control of Critical State Data	10	6.19	8.8
395	Use of NullPointerException Catch to Detect NULL Pointer Dereference	10	5.24	8.7
647	Use of Non-Canonical URL Paths for Authorization Decisions	10	6.04	8.6
694	Use of Multiple Resources with Duplicate Identifier	10	5.28	8.2
364	Signal Handler Race Condition	10	6.03	8.1
1299	Missing Protection Mechanism for Alternate Hardware Interface	10	6.03	7.9
1258	Exposure of Sensitive System Information Due to Uncleared Debug Information	10	4.98	7.5
14	Compiler Removal of Code to Clear Buffers	10	4.67	6.2
291	Reliance on IP Address for Authentication	9	7.20	10.0
81	Improper Neutralization of Script in an Error Message Web Page	9	6.33	10.0
146	Improper Neutralization of Expression/Command Delimiters	9	7.28	9.9
419	Unprotected Primary Channel	9	6.77	9.8
760	Use of a One-Way Hash with a Predictable Salt	9	6.49	9.8
921	Storage of Sensitive Data in a Mechanism without Access Control	9	6.24	9.8
393	Return of Wrong Status Code	9	7.43	9.3
909	Missing Initialization of Resource	9	5.92	9.3
299	Improper Check for Certificate Revocation	9	7.08	9.1
86	Improper Neutralization of Invalid Characters in Identifiers in Web Pages	9	5.57	9.1
273	Improper Check for Dropped Privileges	9	6.93	8.8
564	SQL Injection: Hibernate	9	6.57	8.8
830	Inclusion of Web Functionality from an Untrusted Source	9	6.80	8.8
762	Mismatched Memory Management Routines	9	5.64	8.1
1326	Missing Immutable Root of Trust in Hardware	9	5.97	7.8
64	Windows Shortcut Following (.LNK)	9	7.14	7.8
1050	Excessive Platform Resource Consumption within a Loop	9	6.48	7.5
1022	Use of Web Link to Untrusted Target with window.opener Access	9	4.70	6.5
141	Improper Neutralization of Parameter/Argument Delimiters	8	7.64	9.8
172	Encoding Error	8	5.79	9.8
391	Unchecked Error Condition	8	6.55	9.8
625	Permissive Regular Expression	8	6.64	9.8
1263	Improper Physical Access Control	8	6.66	9.3
223	Omission of Security-relevant Information	8	4.59	9.3
561	Dead Code	8	5.41	9.3
341	Predictable from Observable State	8	6.54	9.1
1262	Improper Access Control for Register Interface	8	5.89	8.7
1282	Assumed-Immutable Data is Stored in Writable Memory	8	7.30	8.7
1419	Incorrect Initialization of Resource	8	5.99	8.7
842	Placement of User into Incorrect Group	8	7.38	8.7
456	Missing Initialization of a Variable	8	6.97	8.6
84	Improper Neutralization of Encoded URI Schemes in a Web Page	8	5.64	8.6
466	Return of Pointer Value Outside of Expected Range	8	7.02	7.5
82	Improper Neutralization of Script in Attributes of IMG Tags in a Web Page	7	8.60	9.9
242	Use of Inherently Dangerous Function	7	8.31	9.8
258	Empty Password in Configuration File	7	7.71	9.8
1241	Use of Predictable Algorithm in Random Number Generator	7	6.93	9.6
317	Cleartext Storage of Sensitive Information in GUI	7	6.71	9.3
826	Premature Release of Resource During Expected Lifetime	7	6.57	9.2
372	Incomplete Internal State Distinction	7	7.07	9.1
662	Improper Synchronization	7	6.13	9.1
127	Buffer Under-read	7	6.31	8.6
421	Race Condition During Access to Alternate Channel	7	5.53	7.5
645	Overly Restrictive Account Lockout Mechanism	7	5.86	7.5
1259	Improper Restriction of Security Token Assignment	7	4.70	7.2
676	Use of Potentially Dangerous Function	6	7.20	10.0
196	Unsigned to Signed Conversion Error	6	8.18	9.8
480	Use of Incorrect Operator	6	7.50	9.8
562	Return of Stack Variable Address	6	7.10	9.8
566	Authorization Bypass Through User-Controlled SQL Primary Key	6	5.25	9.8
573	Improper Following of Specification by Caller	6	6.32	9.3
262	Not Using Password Aging	6	5.75	9.2
1329	Reliance on Component That is Not Updateable	6	7.42	9.1
914	Improper Control of Dynamically-Identified Variables	6	7.52	9.1
1173	Improper Use of Validation Framework	6	5.75	8.8
710	Improper Adherence to Coding Standards	6	7.62	8.8
705	Incorrect Control Flow Scoping	6	6.92	8.7
771	Missing Reference to Active Allocated Resource	6	7.15	8.6
783	Operator Precedence Logic Error	6	6.85	8.6
1274	Improper Access Control for Volatile Memory Containing Boot Code	6	7.13	8.4
1038	Insecure Automated Optimizations	6	5.62	8.1
1189	Improper Isolation of Shared Resources on System-on-a-Chip (SoC)	6	6.95	7.8
1423	Exposure of Sensitive Information caused by Shared Microarchitectural Predictor State that Influences Transient Execution	6	5.62	6.8
692	Incomplete Denylist to Cross-Site Scripting	6	4.62	6.5
329	Generation of Predictable IV with CBC Mode	6	4.63	6.0
599	Missing Validation of OpenSSL Certificate	5	7.88	10.0
1125	Excessive Attack Surface	5	8.30	9.8
1245	Improper Finite State Machines (FSMs) in Hardware Logic	5	6.54	9.8
1320	Improper Protection for Outbound Error Messages and Alert Signals	5	7.96	9.8
149	Improper Neutralization of Quoting Syntax	5	7.56	9.8
37	Path Traversal: '/absolute/pathname/here'	5	5.66	9.8
315	Cleartext Storage of Sensitive Information in a Cookie	5	6.14	9.3
794	Incomplete Filtering of Multiple Instances of Special Elements	5	7.30	9.3
671	Lack of Administrator Control over Security	5	7.02	9.1
97	Improper Neutralization of Server-Side Includes (SSI) Within a Web Page	5	7.88	9.0
153	Improper Neutralization of Substitution Characters	5	7.64	8.9
1254	Incorrect Comparison Logic Granularity	5	7.28	8.8
179	Incorrect Behavior Order: Early Validation	5	7.18	8.8
1204	Generation of Weak Initialization Vector (IV)	5	6.66	8.7
408	Incorrect Behavior Order: Early Amplification	5	7.06	8.7
792	Incomplete Filtering of One or More Instances of Special Elements	5	5.36	8.7
1389	Incorrect Parsing of Numbers with Different Radices	5	6.14	8.6
412	Unrestricted Externally Accessible Lock	5	6.80	8.6
539	Use of Persistent Cookies Containing Sensitive Information	5	5.12	8.5
941	Incorrectly Specified Destination in a Communication Channel	5	6.22	8.3
628	Function Call with Incorrectly Specified Arguments	5	6.28	7.8
1328	Security Version Number Mutable to Older Versions	5	4.70	7.5
192	Integer Coercion Error	5	6.14	7.5
627	Dynamic Variable Evaluation	5	7.44	7.5
1250	Improper Preservation of Consistency Between Independent Representations of Shared State	5	5.58	7.4
298	Improper Validation of Certificate Expiration	5	5.98	7.1
112	Missing XML Validation	5	5.60	6.8
249	DEPRECATED: Often Misused: Path Manipulation	5	6.70	6.7
544	Missing Standardized Error Handling Mechanism	5	5.12	6.5
67	Improper Handling of Windows Device Names	5	5.32	6.3
147	Improper Neutralization of Input Terminators	5	4.20	6.0
368	Context Switching Race Condition	4	8.65	10.0
550	Server-generated Error Message Containing Sensitive Information	4	7.35	10.0
1270	Generation of Incorrect Security Tokens	4	9.60	9.8
403	Exposure of File Descriptor to Unintended Control Sphere ('File Descriptor Leak')	4	9.20	9.8
473	PHP External Variable Modification	4	8.43	9.8
784	Reliance on Cookies without Validation and Integrity Checking in a Security Decision	4	7.08	9.8
626	Null Byte Interaction Error (Poison Null Byte)	4	6.25	9.4
1319	Improper Protection against Electromagnetic Fault Injection (EM-FI)	4	8.07	9.3
454	External Initialization of Trusted Variables or Data Stores	4	7.72	9.1
1281	Sequence of Processor Instructions Leads to Unexpected Behavior	4	6.45	8.8
649	Reliance on Obfuscation or Encryption of Security-Relevant Inputs without Integrity Checking	4	6.75	8.8
1007	Insufficient Visual Distinction of Homoglyphs Presented to User	4	5.42	8.7
167	Improper Handling of Additional Special Element	4	6.20	8.7
219	Storage of File with Sensitive Data Under Web Root	4	7.47	8.7
342	Predictable Exact Value from Previous Values	4	7.18	8.7
1357	Reliance on Insufficiently Trustworthy Component	4	8.25	8.6
786	Access of Memory Location Before Start of Buffer	4	7.27	8.6
839	Numeric Range Comparison Without Minimum Check	4	6.27	8.6
216	DEPRECATED: Containment Errors (Container Errors)	4	7.47	8.2
278	Insecure Preserved Inherited Permissions	4	6.47	7.8
733	Compiler Optimization Removal or Modification of Security-critical Code	4	6.48	7.8
231	Improper Handling of Extra Values	4	6.85	7.7
1088	Synchronous Access of Remote Resource without Timeout	4	6.00	7.5
240	Improper Handling of Inconsistent Structural Elements	4	7.40	7.5
567	Unsynchronized Access to Shared Data in a Multithreaded Context	4	6.35	7.5
683	Function Call With Incorrect Order of Arguments	4	5.28	7.5
235	Improper Handling of Extra Parameters	4	6.88	7.4
332	Insufficient Entropy in PRNG	4	5.15	7.4
1256	Improper Restriction of Software Interfaces to Hardware Features	4	6.50	7.3
1234	Hardware Internal or Debug Modes Allow Override of Locks	4	5.90	7.1
775	Missing Release of File Descriptor or Handle after Effective Lifetime	4	3.90	6.9
1077	Floating Point Comparison with Incorrect Operator	4	5.80	6.8
1421	Exposure of Sensitive Information in Shared Microarchitectural Structures during Transient Execution	4	5.90	6.7
414	Missing Lock Check	4	5.05	6.7
343	Predictable Value Range from Previous Values	4	5.40	6.6
156	Improper Neutralization of Whitespace	4	6.50	6.5
1037	Processor Optimization Removal or Modification of Security-critical Code	4	5.60	5.9
1420	Exposure of Sensitive Information during Transient Execution	4	3.80	5.6
838	Inappropriate Encoding for Output Context	4	4.67	5.3
468	Incorrect Pointer Scaling	3	8.90	9.8
777	Regular Expression without Anchors	3	8.10	9.8
925	Improper Verification of Intent by Broadcast Receiver	3	6.10	9.4
1039	Inadequate Detection or Handling of Adversarial Input Perturbations in Automated Recognition Mechanism	3	6.73	9.3
1108	Excessive Reliance on Global Variables	3	7.47	9.2
194	Unexpected Sign Extension	3	8.47	8.8
40	Path Traversal: 'UNCsharename' (Windows UNC Share)	3	6.17	8.8
474	Use of Function with Inconsistent Implementations	3	5.67	8.8
588	Attempt to Access Child of a Non-structure Pointer	3	7.60	8.8
62	UNIX Hard Link	3	8.13	8.8
687	Function Call With Incorrectly Specified Argument Value	3	6.03	8.8
1233	Security-Sensitive Hardware Controls with Missing Lock Bit Protection	3	7.70	8.7
144	Improper Neutralization of Line Delimiters	3	7.57	8.7
1068	Inconsistency Between Implementation and Documented Design	3	7.27	8.6
1247	Improper Protection Against Voltage and Clock Glitches	3	5.63	8.6
1384	Improper Handling of Physical or Environmental Conditions	3	6.57	8.6
344	Use of Invariant Value in Dynamically Changing Context	3	6.33	8.6
446	UI Discrepancy for Security Feature	3	6.07	8.6
239	Failure to Handle Incomplete Element	3	6.67	8.2
148	Improper Neutralization of Input Leaders	3	6.90	8.1
210	Self-generated Error Message Containing Sensitive Information	3	5.53	8.0
448	Obsolete Feature in UI	3	5.07	7.8
435	Improper Interaction Between Multiple Correctly-Behaving Entities	3	5.20	7.7
605	Multiple Binds to the Same Port	3	5.83	7.7
780	Use of RSA Algorithm without OAEP	3	5.30	7.7
447	Unimplemented or Unsupported Feature in UI	3	6.60	7.6
1231	Improper Prevention of Lock Bit Modification	3	6.73	7.5
166	Improper Handling of Missing Special Element	3	6.53	7.5
168	Improper Handling of Inconsistent Special Elements	3	7.30	7.5
237	Improper Handling of Structural Elements	3	5.43	7.5
467	Use of sizeof() on a Pointer Type	3	6.60	7.5
767	Access to Critical Private Variable via Public Method	3	6.43	7.5
686	Function Call With Incorrect Argument Type	3	6.00	7.1
756	Missing Custom Error Page	3	5.90	7.1
774	Allocation of File Descriptors or Handles Without Limits or Throttling	3	6.93	7.0
1335	Incorrect Bitwise Shift of Integer	3	6.30	6.9
1279	Cryptographic Operations are run Before Supporting Units are Ready	3	6.20	6.8
534	DEPRECATED: Information Exposure Through Debug Log Files	3	3.70	6.8
597	Use of Wrong Operator in String Comparison	3	5.23	5.9
1303	Non-Transparent Sharing of Microarchitectural Resources	3	5.07	5.6
182	Collapse of Data into Unsafe Value	3	4.00	5.3
1426	Improper Validation of Generative AI Output	3	3.67	5.0
1283	Mutable Attestation or Measurement Reporting Data	3	3.73	4.6
173	Improper Handling of Alternate Encoding	3	3.37	3.5
1301	Insufficient or Incomplete Data Removal within Hardware Component	2	7.25	10.0
1059	Insufficient Technical Documentation	2	9.45	9.8
1100	Insufficient Isolation of System-Dependent Functions	2	8.15	9.8
1334	Unauthorized Error Injection Can Degrade Hardware Redundancy	2	8.50	9.8
157	Failure to Sanitize Paired Delimiters	2	9.05	9.8
128	Wrap-around Error	2	5.65	9.3
336	Same Seed in Pseudo-Random Number Generator (PRNG)	2	8.50	9.2
624	Executable Regular Expression Error	2	8.35	9.2
422	Unprotected Windows Messaging Channel ('Shatter')	2	7.65	8.8
689	Permission Race Condition During Resource Copy	2	7.35	8.8
623	Unsafe ActiveX Control Marked Safe For Scripting	2	8.10	8.7
520	.NET Misconfiguration: Use of Impersonation	2	8.00	8.6
339	Small Seed Space in PRNG	2	7.35	8.4
1257	Improper Access Control Applied to Mirrored or Aliased Memory Regions	2	8.00	8.2
1112	Incomplete Documentation of Program Execution	2	6.55	8.1
396	Declaration of Catch for Generic Exception	2	6.90	7.9
65	Windows Hard Link	2	7.55	7.8
1428	Reliance on HTTP instead of HTTPS	2	7.35	7.7
563	Assignment to Variable without Use	2	5.30	7.7
1049	Excessive Data Query Operations in a Large Data Table	2	6.80	7.5
1269	Product Released in Non-Release Configuration	2	4.75	7.5
32	Path Traversal: '...' (Triple Dot)	2	7.50	7.5
437	Incomplete Model of Endpoint Features	2	6.25	7.5
910	Use of Expired File Descriptor	2	7.50	7.5
1076	Insufficient Adherence to Expected Conventions	2	5.85	7.4
1304	Improperly Preserved Integrity of Hardware Configuration State During a Power Save/Restore Operation	2	5.85	7.1
135	Incorrect Calculation of Multi-Byte String Length	2	5.95	7.1
236	Improper Handling of Undefined Parameters	2	6.80	7.1
527	Exposure of Version-Control Repository to an Unauthorized Control Sphere	2	6.65	6.8
827	Improper Control of Document Type Definition	2	5.70	6.8
1107	Insufficient Isolation of Symbolic Constant Definitions	2	6.70	6.7
1251	Mirrored Regions with Different Values	2	6.10	6.7
1332	Improper Handling of Faults that Lead to Instruction Skips	2	6.30	6.7
1342	Information Exposure through Microarchitectural State after Transient Execution	2	6.50	6.5
164	Improper Neutralization of Internal Special Elements	2	5.65	6.5
616	Incomplete Identification of Uploaded File Variables (PHP)	2	5.95	6.5
85	Doubled Character XSS Manipulations	2	5.90	6.4
142	Improper Neutralization of Value Delimiters	2	6.10	6.3
528	Exposure of Core Dump File to an Unauthorized Control Sphere	2	4.95	5.9
622	Improper Validation of Function Hook Arguments	2	5.50	5.5
531	Inclusion of Sensitive Information in Test Code	2	5.35	5.4
11	ASP.NET Misconfiguration: Creating Debug Binary	2	5.30	5.3
186	Overly Restrictive Regular Expression	2	3.70	5.3
499	Serializable Class Containing Sensitive Data	2	4.30	4.9
1323	Improper Management of Sensitive Trace Data	2	4.55	4.7
1221	Incorrect Register Defaults or Module Parameters	2	4.60	4.6
450	Multiple Interpretations of UI Input	2	4.30	4.3
44	Path Equivalence: 'file.name' (Internal Dot)	1	10.00	10.0
66	Improper Handling of File Names that Identify Virtual Resources	1	10.00	10.0
145	Improper Neutralization of Section Delimiters	1	9.80	9.8
621	Variable Extraction Error	1	9.80	9.8
695	Use of Low-Level Functionality	1	9.40	9.4
43	Path Equivalence: 'filename....' (Multiple Trailing Dot)	1	9.30	9.3
637	Unnecessary Complexity in Protection Mechanism (Not Using 'Economy of Mechanism')	1	9.30	9.3
482	Comparing instead of Assigning	1	9.10	9.1
293	Using Referer Field for Authentication	1	9.00	9.0
1224	Improper Restriction of Write-Once Bit Fields	1	8.70	8.7
198	Use of Incorrect Byte Ordering	1	8.70	8.7
478	Missing Default Case in Multiple Condition Expression	1	8.70	8.7
234	Failure to Handle Missing Parameter	1	8.60	8.6
431	Missing Handler	1	8.60	8.6
479	Signal Handler Use of a Non-reentrant Function	1	8.60	8.6
553	Command Shell in Externally Accessible Directory	1	8.60	8.6
309	Use of Password System for Primary Authentication	1	8.40	8.4
761	Free of Pointer not at Start of Buffer	1	8.40	8.4
1051	Initialization with Hard-Coded Network Resource Configuration Data	1	8.30	8.3
1083	Data Access from Outside Expected Data Manager Component	1	8.30	8.3
1118	Insufficient Documentation of Error Handling Techniques	1	8.30	8.3
430	Deployment of Wrong Handler	1	8.20	8.2
1066	Missing Serialization Control Element	1	7.80	7.8
42	Path Equivalence: 'filename.' (Trailing Dot)	1	7.80	7.8
675	Multiple Operations on Resource in Single-Operation Context	1	7.80	7.8
1314	Missing Write Protection for Parametric Data Values	1	7.70	7.7
654	Reliance on a Single Factor in a Security Decision	1	7.70	7.7
1124	Excessively Deep Nesting	1	7.50	7.5
1164	Irrelevant Code	1	7.50	7.5
1264	Hardware Logic with Insecure De-Synchronization between Control and Data Channels	1	7.50	7.5
154	Improper Neutralization of Variable Name Delimiters	1	7.50	7.5
50	Path Equivalence: '//multiple/leading/slash'	1	7.50	7.5
529	Exposure of Access Control List Files to an Unauthorized Control Sphere	1	7.50	7.5
615	Inclusion of Sensitive Information in Source Code Comments	1	7.50	7.5
30	Path Traversal: 'dir..filename'	1	7.30	7.3
541	Inclusion of Sensitive Information in an Include File	1	7.30	7.3
1313	Hardware Allows Activation of Test or Debug Logic at Runtime	1	7.20	7.2
333	Improper Handling of Insufficient Entropy in TRNG	1	7.20	7.2
318	Cleartext Storage of Sensitive Information in Executable	1	7.10	7.1
360	Trust of System Event Data	1	7.10	7.1
663	Use of a Non-reentrant Function in a Concurrent Context	1	7.00	7.0
1190	DMA Device Enabled Too Early in Boot Phase	1	6.90	6.9
1312	Missing Protection for Mirrored Regions in On-Chip Fabric Firewall	1	6.90	6.9
1316	Fabric-Address Map Allows Programming of Unwarranted Overlaps of Protected and Unprotected Ranges	1	6.90	6.9
469	Use of Pointer Subtraction to Determine Size	1	6.90	6.9
1253	Incorrect Selection of Fuse Values	1	6.80	6.8
688	Function Call With Incorrect Variable or Reference as Argument	1	6.70	6.7
188	Reliance on Data/Memory Layout	1	6.60	6.6
1057	Data Access Operations Outside of Expected Data Manager Component	1	6.50	6.5
1102	Reliance on Machine-Dependent Data Representation	1	6.50	6.5
1222	Insufficient Granularity of Address Regions Protected by Register Locks	1	6.50	6.5
314	Cleartext Storage in the Registry	1	6.50	6.5
433	Unparsed Raw Web Content Delivery	1	6.50	6.5
443	DEPRECATED: HTTP response splitting	1	6.50	6.5
495	Private Data Structure Returned From A Public Method	1	6.50	6.5
765	Multiple Unlocks of a Critical Resource	1	6.50	6.5
1116	Inaccurate Source Code Comments	1	6.30	6.3
143	Improper Neutralization of Record Delimiters	1	6.30	6.3
205	Observable Behavioral Discrepancy	1	6.30	6.3
1278	Missing Protection Against Hardware Reverse Engineering Using Integrated Circuit (IC) Imaging Techniques	1	6.20	6.2
1310	Missing Ability to Patch ROM Code	1	6.10	6.1
1322	Use of Blocking Code in Single-threaded, Non-blocking Context	1	6.00	6.0
515	Covert Storage Channel	1	6.00	6.0
618	Exposed Unsafe ActiveX Method	1	6.00	6.0
1024	Comparison of Incompatible Types	1	5.90	5.9
600	Uncaught Exception in Servlet	1	5.90	5.9
828	Signal Handler with Functionality that is not Asynchronous-Safe	1	5.60	5.6
1119	Excessive Use of Unconditional Branching	1	5.50	5.5
455	Non-exit on Failed Initialization	1	5.50	5.5
1072	Data Resource Access without Use of Connection Pooling	1	5.40	5.4
1078	Inappropriate Source Code Style or Formatting	1	5.40	5.4
1113	Inappropriate Comment Style	1	5.40	5.4
69	Improper Handling of Windows ::DATA Alternate Data Stream	1	5.40	5.4
463	Deletion of Data Structure Sentinel	1	5.30	5.3
533	DEPRECATED: Information Exposure Through Server Log Files	1	5.30	5.3
1422	Exposure of Sensitive Information caused by Incorrect Data Forwarding during Transient Execution	1	5.10	5.1
38	Path Traversal: 'absolutepathnamehere'	1	5.10	5.1
1246	Improper Write Handling in Limited-write Non-Volatile Memories	1	4.90	4.9
769	DEPRECATED: Uncontrolled File Descriptor Consumption	1	4.80	4.8
263	Password Aging with Long Expiration	1	4.60	4.6
1176	Inefficient CPU Computation	1	4.30	4.3
1280	Access Control Check Implemented After Asset is Accessed	1	4.30	4.3
207	Observable Behavioral Discrepancy With Equivalent Products	1	4.30	4.3
28	Path Traversal: '..filedir'	1	4.30	4.3
555	J2EE Misconfiguration: Plaintext Password in Configuration File	1	4.30	4.3
1046	Creation of Immutable Text Using String Concatenation	1	4.20	4.2
1103	Use of Platform-Dependent Third Party Components	1	4.00	4.0
570	Expression is Always False	1	4.00	4.0
484	Omitted Break Statement in Switch	1	3.70	3.7
514	Covert Channel	1	3.70	3.7
46	Path Equivalence: 'filename ' (Trailing Space)	1	3.50	3.5
768	Incorrect Short Circuit Evaluation	1	3.30	3.3
507	Trojan Horse	1	3.10	3.1
1298	Hardware Logic Contains Race Conditions	1	2.80	2.8
1272	Sensitive Information Uncleared Before Debug/Power State Transition	1	2.40	2.4
673	External Influence of Sphere Definition	1	2.20	2.2
162	Improper Neutralization of Trailing Special Elements	1	2.10	2.1
462	Duplicate Key in Associative List (Alist)	1	2.10	2.1
638	Not Using Complete Mediation	1	2.10	2.1
571	Expression is Always True	1	2.00	2.0
1255	Comparison Logic is Vulnerable to Power Side-Channel Attacks	1	1.00	1.0
102	Struts: Duplicate Validation Forms	0	—	—
103	Struts: Incomplete validate() Method Definition	0	—	—
104	Struts: Form Bean Does Not Extend Validation Class	0	—	—
1041	Use of Redundant Code	0	—	—
1042	Static Member Data Element outside of a Singleton Class Element	0	—	—
1043	Data Element Aggregating an Excessively Large Number of Non-Primitive Elements	0	—	—
1044	Architecture with Number of Horizontal Layers Outside of Expected Range	0	—	—
1045	Parent Class with a Virtual Destructor and a Child Class without a Virtual Destructor	0	—	—
1047	Modules with Circular Dependencies	0	—	—
1048	Invokable Control Element with Large Number of Outward Calls	0	—	—
105	Struts: Form Field Without Validator	0	—	—
1052	Excessive Use of Hard-Coded Literals in Initialization	0	—	—
1053	Missing Documentation for Design	0	—	—
1054	Invocation of a Control Element at an Unnecessarily Deep Horizontal Layer	0	—	—
1055	Multiple Inheritance from Concrete Classes	0	—	—
1056	Invokable Control Element with Variadic Parameters	0	—	—
1058	Invokable Control Element in Multi-Thread Context with non-Final Static Storable or Member Element	0	—	—
106	Struts: Plug-in Framework not in Use	0	—	—
1060	Excessive Number of Inefficient Server-Side Data Accesses	0	—	—
1061	Insufficient Encapsulation	0	—	—
1062	Parent Class with References to Child Class	0	—	—
1063	Creation of Class Instance within a Static Code Block	0	—	—
1064	Invokable Control Element with Signature Containing an Excessive Number of Parameters	0	—	—
1065	Runtime Resource Management Control Element in a Component Built to Run on Application Servers	0	—	—
1067	Excessive Execution of Sequential Searches of Data Resource	0	—	—
1069	Empty Exception Block	0	—	—
107	Struts: Unused Validation Form	0	—	—
1070	Serializable Data Element Containing non-Serializable Item Elements	0	—	—
1071	Empty Code Block	0	—	—
1073	Non-SQL Invokable Control Element with Excessive Number of Data Resource Accesses	0	—	—
1074	Class with Excessively Deep Inheritance	0	—	—
1075	Unconditional Control Flow Transfer outside of Switch Block	0	—	—
1079	Parent Class without Virtual Destructor Method	0	—	—
108	Struts: Unvalidated Action Form	0	—	—
1080	Source Code File with Excessive Number of Lines of Code	0	—	—
1082	Class Instance Self Destruction Control Element	0	—	—
1084	Invokable Control Element with Excessive File or Data Access Operations	0	—	—
1085	Invokable Control Element with Excessive Volume of Commented-out Code	0	—	—
1086	Class with Excessive Number of Child Classes	0	—	—
1087	Class with Virtual Method without a Virtual Destructor	0	—	—
1089	Large Data Table with Excessive Number of Indices	0	—	—
109	Struts: Validator Turned Off	0	—	—
1090	Method Containing Access of a Member Element from Another Class	0	—	—
1091	Use of Object without Invoking Destructor Method	0	—	—
1092	Use of Same Invokable Control Element in Multiple Architectural Layers	0	—	—
1093	Excessively Complex Data Representation	0	—	—
1094	Excessive Index Range Scan for a Data Resource	0	—	—
1095	Loop Condition Value Update within the Loop	0	—	—
1096	Singleton Class Instance Creation without Proper Locking or Synchronization	0	—	—
1097	Persistent Storable Data Element without Associated Comparison Control Element	0	—	—
1098	Data Element containing Pointer Item without Proper Copy Control Element	0	—	—
1099	Inconsistent Naming Conventions for Identifiers	0	—	—
110	Struts: Validator Without Form Field	0	—	—
1101	Reliance on Runtime Component in Generated Code	0	—	—
1105	Insufficient Encapsulation of Machine-Dependent Functionality	0	—	—
1106	Insufficient Use of Symbolic Constants	0	—	—
1109	Use of Same Variable for Multiple Purposes	0	—	—
111	Direct Use of Unsafe JNI	0	—	—
1110	Incomplete Design Documentation	0	—	—
1111	Incomplete I/O Documentation	0	—	—
1114	Inappropriate Whitespace Style	0	—	—
1115	Source Code Element without Standard Prologue	0	—	—
1117	Callable with Insufficient Behavioral Summary	0	—	—
1120	Excessive Code Complexity	0	—	—
1121	Excessive McCabe Cyclomatic Complexity	0	—	—
1122	Excessive Halstead Complexity	0	—	—
1123	Excessive Use of Self-Modifying Code	0	—	—
1126	Declaration of Variable with Unnecessarily Wide Scope	0	—	—
1127	Compilation with Insufficient Warnings or Errors	0	—	—
1174	ASP.NET Misconfiguration: Improper Model Validation	0	—	—
1177	Use of Prohibited Code	0	—	—
1187	DEPRECATED: Use of Uninitialized Resource	0	—	—
1192	Improper Identifier for IP Block used in System-On-Chip (SOC)	0	—	—
1193	Power-On of Untrusted Execution Core Before Enabling Fabric Access Control	0	—	—
12	ASP.NET Misconfiguration: Missing Custom Error Page	0	—	—
1209	Failure to Disable Reserved Bits	0	—	—
1223	Race Condition for Write-Once Attributes	0	—	—
1229	Creation of Emergent Resource	0	—	—
1232	Improper Lock Behavior After Power State Transition	0	—	—
1235	Incorrect Use of Autoboxing and Unboxing for Performance Critical Operations	0	—	—
1239	Improper Zeroization of Hardware Register	0	—	—
1243	Sensitive Non-Volatile Information Not Protected During Debug	0	—	—
1248	Semiconductor Defects in Hardware Logic with Security-Sensitive Implications	0	—	—
1249	Application-Level Admin Tool with Inconsistent View of Underlying Operating System	0	—	—
1252	CPU Hardware Not Configured to Support Exclusivity of Write and Execute Operations	0	—	—
1261	Improper Handling of Single Event Upsets	0	—	—
1265	Unintended Reentrant Invocation of Non-reentrant Code Via Nested Calls	0	—	—
1266	Improper Scrubbing of Sensitive Data from Decommissioned Device	0	—	—
1267	Policy Uses Obsolete Encoding	0	—	—
1268	Policy Privileges are not Assigned Consistently Between Control and Data Agents	0	—	—
1271	Uninitialized Value on Reset for Registers Holding Security Settings	0	—	—
1273	Device Unlock Credential Sharing	0	—	—
1276	Hardware Child Block Incorrectly Connected to Parent System	0	—	—
1277	Firmware Not Updateable	0	—	—
1290	Incorrect Decoding of Security Identifiers	0	—	—
1291	Public Key Re-Use for Signing both Debug and Production Code	0	—	—
1292	Incorrect Conversion of Security Identifiers	0	—	—
1293	Missing Source Correlation of Multiple Independent Data	0	—	—
1294	Insecure Security Identifier Mechanism	0	—	—
1296	Incorrect Chaining or Granularity of Debug Components	0	—	—
1297	Unprotected Confidential Information on Device is Accessible by OSAT Vendors	0	—	—
13	ASP.NET Misconfiguration: Password in Configuration File	0	—	—
1302	Missing Source Identifier in Entity Transactions on a System-On-Chip (SOC)	0	—	—
1311	Improper Translation of Security Attributes by Fabric Bridge	0	—	—
1315	Improper Setting of Bus Controlling Capability in Fabric End-point	0	—	—
1317	Improper Access Control in Fabric Bridge	0	—	—
1318	Missing Support for Security Features in On-chip Fabrics or Buses	0	—	—
132	DEPRECATED: Miscalculated Null Termination	0	—	—
1324	DEPRECATED: Sensitive Information Accessible by Physical Probing of JTAG Interface	0	—	—
1330	Remanent Data Readable after Memory Erase	0	—	—
1331	Improper Isolation of Shared Resources in Network On Chip (NoC)	0	—	—
1338	Improper Protections Against Hardware Overheating	0	—	—
1339	Insufficient Precision or Accuracy of a Real Number	0	—	—
1341	Multiple Releases of Same Resource or Handle	0	—	—
1351	Improper Handling of Hardware Behavior in Exceptionally Cold Environments	0	—	—
1429	Missing Security-Relevant Feedback for Unexecuted Operations in Hardware Interface	0	—	—
1431	Driving Intermediate Cryptographic State/Results to Hardware Module Outputs	0	—	—
1434	Insecure Setting of Generative AI/ML Model Inference Parameters	0	—	—
151	Improper Neutralization of Comment Delimiters	0	—	—
152	Improper Neutralization of Macro Symbols	0	—	—
160	Improper Neutralization of Leading Special Elements	0	—	—
161	Improper Neutralization of Multiple Leading Special Elements	0	—	—
163	Improper Neutralization of Multiple Trailing Special Elements	0	—	—
165	Improper Neutralization of Multiple Internal Special Elements	0	—	—
174	Double Decoding of the Same Data	0	—	—
175	Improper Handling of Mixed Encoding	0	—	—
181	Incorrect Behavior Order: Validate Before Filter	0	—	—
206	Observable Internal Behavioral Discrepancy	0	—	—
211	Externally-Generated Error Message Containing Sensitive Information	0	—	—
217	DEPRECATED: Failure to Protect Stored Data from Modification	0	—	—
218	DEPRECATED: Failure to provide confidentiality for stored data	0	—	—
220	Storage of File With Sensitive Data Under FTP Root	0	—	—
221	Information Loss or Omission	0	—	—
222	Truncation of Security-relevant Information	0	—	—
224	Obscured Security-relevant Information by Alternate Name	0	—	—
225	DEPRECATED: General Information Management Problems	0	—	—
238	Improper Handling of Incomplete Structural Elements	0	—	—
243	Creation of chroot Jail Without Changing Working Directory	0	—	—
245	J2EE Bad Practices: Direct Management of Connections	0	—	—
246	J2EE Bad Practices: Direct Use of Sockets	0	—	—
247	DEPRECATED: Reliance on DNS Lookups in a Security Decision	0	—	—
292	DEPRECATED: Trusting Self-reported DNS Name	0	—	—
301	Reflection Attack in an Authentication Protocol	0	—	—
31	Path Traversal: 'dir....filename'	0	—	—
33	Path Traversal: '....' (Multiple Dot)	0	—	—
34	Path Traversal: '....//'	0	—	—
365	DEPRECATED: Race Condition in Switch	0	—	—
370	Missing Check for Certificate Revocation after Initial Check	0	—	—
373	DEPRECATED: State Synchronization Error	0	—	—
374	Passing Mutable Objects to an Untrusted Method	0	—	—
375	Returning a Mutable Object to an Untrusted Caller	0	—	—
382	J2EE Bad Practices: Use of System.exit()	0	—	—
383	J2EE Bad Practices: Direct Use of Threads	0	—	—
386	Symbolic Name not Mapping to Correct Object	0	—	—
39	Path Traversal: 'C:dirname'	0	—	—
397	Declaration of Throws for Generic Exception	0	—	—
423	DEPRECATED: Proxied Trusted Channel	0	—	—
432	Dangerous Signal Handler not Disabled During Sensitive Operations	0	—	—
439	Behavioral Change in New Version or Environment	0	—	—
45	Path Equivalence: 'file...name' (Multiple Internal Dot)	0	—	—
458	DEPRECATED: Incorrect Initialization	0	—	—
464	Addition of Data Structure Sentinel	0	—	—
47	Path Equivalence: ' filename' (Leading Space)	0	—	—
48	Path Equivalence: 'file name' (Internal Whitespace)	0	—	—
481	Assigning instead of Comparing	0	—	—
483	Incorrect Block Delimitation	0	—	—
486	Comparison of Classes by Name	0	—	—
487	Reliance on Package-level Scope	0	—	—
49	Path Equivalence: 'filename/' (Trailing Slash)	0	—	—
491	Public cloneable() Method Without Final ('Object Hijack')	0	—	—
492	Use of Inner Class Containing Sensitive Data	0	—	—
493	Critical Public Variable Without Final Modifier	0	—	—
496	Public Data Assigned to Private Array-Typed Field	0	—	—
498	Cloneable Class Containing Sensitive Information	0	—	—
5	J2EE Misconfiguration: Data Transmission Without Encryption	0	—	—
500	Public Static Field Not Marked Final	0	—	—
508	Non-Replicating Malicious Code	0	—	—
509	Replicating Malicious Code (Virus or Worm)	0	—	—
51	Path Equivalence: '/multiple//internal/slash'	0	—	—
510	Trapdoor	0	—	—
511	Logic/Time Bomb	0	—	—
512	Spyware	0	—	—
516	DEPRECATED: Covert Timing Channel	0	—	—
52	Path Equivalence: '/multiple/trailing/slash//'	0	—	—
53	Path Equivalence: 'multipleinternalbackslash'	0	—	—
535	Exposure of Information Through Shell Error Message	0	—	—
536	Servlet Runtime Error Message Containing Sensitive Information	0	—	—
537	Java Runtime Error Message Containing Sensitive Information	0	—	—
54	Path Equivalence: 'filedir' (Trailing Backslash)	0	—	—
542	DEPRECATED: Information Exposure Through Cleanup Log Files	0	—	—
543	Use of Singleton Pattern Without Synchronization in a Multithreaded Context	0	—	—
545	DEPRECATED: Use of Dynamic Class Loading	0	—	—
546	Suspicious Comment	0	—	—
55	Path Equivalence: '/./' (Single Dot Directory)	0	—	—
554	ASP.NET Misconfiguration: Not Using Input Validation Framework	0	—	—
556	ASP.NET Misconfiguration: Use of Identity Impersonation	0	—	—
558	Use of getlogin() in Multithreaded Application	0	—	—
56	Path Equivalence: 'filedir*' (Wildcard)	0	—	—
560	Use of umask() with chmod-style Argument	0	—	—
568	finalize() Method Without super.finalize()	0	—	—
57	Path Equivalence: 'fakedir/../realdir/filename'	0	—	—
572	Call to Thread run() instead of start()	0	—	—
574	EJB Bad Practices: Use of Synchronization Primitives	0	—	—
575	EJB Bad Practices: Use of AWT Swing	0	—	—
576	EJB Bad Practices: Use of Java I/O	0	—	—
577	EJB Bad Practices: Use of Sockets	0	—	—
578	EJB Bad Practices: Use of Class Loader	0	—	—
579	J2EE Bad Practices: Non-serializable Object Stored in Session	0	—	—
58	Path Equivalence: Windows 8.3 Filename	0	—	—
580	clone() Method Without super.clone()	0	—	—
581	Object Model Violation: Just One of Equals and Hashcode Defined	0	—	—
582	Array Declared Public, Final, and Static	0	—	—
583	finalize() Method Declared Public	0	—	—
584	Return Inside Finally Block	0	—	—
585	Empty Synchronized Block	0	—	—
586	Explicit Call to Finalize()	0	—	—
587	Assignment of a Fixed Address to a Pointer	0	—	—
589	Call to Non-ubiquitous API	0	—	—
593	Authentication Bypass: OpenSSL CTX Object Modified after SSL Objects are Created	0	—	—
594	J2EE Framework: Saving Unserializable Objects to Disk	0	—	—
595	Comparison of Object References Instead of Object Contents	0	—	—
596	DEPRECATED: Incorrect Semantic Object Comparison	0	—	—
6	J2EE Misconfiguration: Insufficient Session-ID Length	0	—	—
607	Public Static Final Field References Mutable Object	0	—	—
608	Struts: Non-private Field in ActionForm Class	0	—	—
609	Double-Checked Locking	0	—	—
619	Dangling Database Cursor ('Cursor Injection')	0	—	—
651	Exposure of WSDL File Containing Sensitive Information	0	—	—
652	Improper Neutralization of Data within XQuery Expressions ('XQuery Injection')	0	—	—
655	Insufficient Psychological Acceptability	0	—	—
666	Operation on Resource in Wrong Phase of Lifetime	0	—	—
685	Function Call With Incorrect Number of Arguments	0	—	—
7	J2EE Misconfiguration: Missing Custom Error Page	0	—	—
71	DEPRECATED: Apple '.DS_Store'	0	—	—
72	Improper Handling of Apple HFS+ Alternate Data Stream Path	0	—	—
764	Multiple Locks of a Critical Resource	0	—	—
766	Critical Data Element Declared Public	0	—	—
773	Missing Reference to Active File Descriptor or Handle	0	—	—
781	Improper Address Validation in IOCTL with METHOD_NEITHER I/O Control Code	0	—	—
785	Use of Path Manipulation Function without Maximum-sized Buffer	0	—	—
793	Only Filtering One Instance of a Special Element	0	—	—
795	Only Filtering Special Elements at a Specified Location	0	—	—
796	Only Filtering Special Elements Relative to a Marker	0	—	—
797	Only Filtering Special Elements at an Absolute Position	0	—	—
8	J2EE Misconfiguration: Entity Bean Declared Remote	0	—	—
806	Buffer Access Using Size of Source Buffer	0	—	—
831	Signal Handler Function Associated with Multiple Signals	0	—	—
832	Unlock of a Resource that is not Locked	0	—	—
9	J2EE Misconfiguration: Weak Access Permissions for EJB Methods	0	—	—
920	Improper Restriction of Power Consumption	0	—	—
